-- phpMyAdmin SQL Dump
-- version 4.9.5deb2
-- https://www.phpmyadmin.net/
--
-- Host: localhost:3306
-- Generation Time: Sep 05, 2022 at 02:21 PM
-- Server version: 8.0.30-0ubuntu0.20.04.2
-- PHP Version: 7.4.3

SET SQL_MODE = "NO_AUTO_VALUE_ON_ZERO";
SET AUTOCOMMIT = 0;
START TRANSACTION;
SET time_zone = "+00:00";


/*!40101 SET @OLD_CHARACTER_SET_CLIENT=@@CHARACTER_SET_CLIENT */;
/*!40101 SET @OLD_CHARACTER_SET_RESULTS=@@CHARACTER_SET_RESULTS */;
/*!40101 SET @OLD_COLLATION_CONNECTION=@@COLLATION_CONNECTION */;
/*!40101 SET NAMES utf8mb4 */;

--
-- Database: `general_school`
--

-- --------------------------------------------------------

--
-- Table structure for table `admin`
--

CREATE TABLE `admin` (
  `admin` int NOT NULL,
  `start_date` date NOT NULL,
  `end_date` date NOT NULL,
  `school` int NOT NULL,
  `principal` int NOT NULL
) ENGINE=InnoDB DEFAULT CHARSET=utf8mb4 COLLATE=utf8mb4_0900_ai_ci COMMENT='{"cx":"198","cy":"1487"}';

-- --------------------------------------------------------

--
-- Table structure for table `allocation`
--

CREATE TABLE `allocation` (
  `allocation` int NOT NULL,
  `start_date` date NOT NULL,
  `end_date` date NOT NULL DEFAULT '9999-12-31',
  `teacher` int NOT NULL,
  `stage` int NOT NULL
) ENGINE=InnoDB DEFAULT CHARSET=utf8mb4 COLLATE=utf8mb4_0900_ai_ci COMMENT='{"cx":"-140","cy":"785"}';

--
-- Dumping data for table `allocation`
--

INSERT INTO `allocation` (`allocation`, `start_date`, `end_date`, `teacher`, `stage`) VALUES
(1, '2021-01-01', '9999-12-31', 1, 1),
(2, '2021-01-01', '9999-12-31', 12, 1),
(3, '2021-01-01', '9999-12-31', 13, 1),
(4, '2021-01-01', '9999-12-31', 14, 1),
(5, '2021-01-01', '9999-12-31', 15, 1),
(6, '2021-01-01', '9999-12-31', 16, 1),
(7, '2021-01-01', '9999-12-31', 17, 1),
(8, '2021-01-01', '9999-12-31', 18, 1),
(9, '2021-01-01', '9999-12-31', 19, 1),
(10, '2021-01-01', '9999-12-31', 20, 1),
(11, '2021-01-01', '9999-12-31', 21, 1),
(12, '2021-01-01', '9999-12-31', 22, 1),
(13, '2021-01-01', '9999-12-31', 23, 1),
(14, '2021-01-01', '9999-12-31', 355, 1),
(15, '2021-01-01', '9999-12-31', 24, 1),
(16, '2021-01-01', '9999-12-31', 25, 1),
(17, '2021-01-01', '9999-12-31', 26, 1),
(18, '2021-01-01', '9999-12-31', 27, 1),
(19, '2021-01-01', '9999-12-31', 28, 1),
(20, '2021-01-01', '9999-12-31', 29, 1),
(21, '2021-01-01', '9999-12-31', 30, 1),
(22, '2021-01-01', '9999-12-31', 31, 1),
(23, '2021-01-01', '9999-12-31', 32, 1),
(24, '2021-01-01', '9999-12-31', 33, 1),
(25, '2021-01-01', '9999-12-31', 34, 1),
(26, '2021-01-01', '9999-12-31', 35, 1),
(27, '2021-01-01', '9999-12-31', 36, 1),
(28, '2021-01-01', '9999-12-31', 37, 1),
(29, '2021-01-01', '9999-12-31', 38, 1),
(30, '2021-01-01', '9999-12-31', 39, 1),
(31, '2021-01-01', '9999-12-31', 40, 1),
(32, '2021-01-01', '9999-12-31', 41, 1),
(33, '2021-01-01', '9999-12-31', 42, 1),
(34, '2021-01-01', '9999-12-31', 43, 1),
(35, '2021-01-01', '9999-12-31', 44, 1),
(36, '2021-01-01', '9999-12-31', 45, 1),
(37, '2021-01-01', '9999-12-31', 46, 1),
(38, '2021-01-01', '9999-12-31', 47, 1),
(39, '2021-01-01', '9999-12-31', 48, 1),
(40, '2021-01-01', '9999-12-31', 49, 1),
(41, '2021-01-01', '9999-12-31', 50, 1),
(42, '2021-01-01', '9999-12-31', 51, 1),
(43, '2021-01-01', '9999-12-31', 52, 1),
(44, '2021-01-01', '9999-12-31', 53, 1),
(45, '2021-01-01', '9999-12-31', 54, 1),
(46, '2021-01-01', '9999-12-31', 55, 1),
(47, '2021-01-01', '9999-12-31', 56, 1),
(48, '2021-01-01', '9999-12-31', 57, 1),
(49, '2021-01-01', '9999-12-31', 58, 1),
(50, '2021-01-01', '9999-12-31', 59, 1),
(51, '2021-01-01', '9999-12-31', 60, 1),
(52, '2021-01-01', '9999-12-31', 61, 1),
(53, '2021-01-01', '9999-12-31', 62, 1),
(54, '2021-01-01', '9999-12-31', 63, 1),
(55, '2021-01-01', '9999-12-31', 64, 1),
(56, '2021-01-01', '9999-12-31', 65, 1),
(57, '2021-01-01', '9999-12-31', 66, 1),
(58, '2021-01-01', '9999-12-31', 67, 1),
(59, '2021-01-01', '9999-12-31', 68, 1),
(60, '2021-01-01', '9999-12-31', 69, 1),
(61, '2021-01-01', '9999-12-31', 70, 1),
(62, '2021-01-01', '9999-12-31', 71, 1),
(63, '2021-01-01', '9999-12-31', 72, 1),
(64, '2021-01-01', '9999-12-31', 73, 1),
(65, '2021-01-01', '9999-12-31', 74, 1),
(66, '2021-01-01', '9999-12-31', 75, 1),
(67, '2021-01-01', '9999-12-31', 76, 1),
(68, '2021-01-01', '9999-12-31', 77, 1),
(69, '2021-01-01', '9999-12-31', 78, 1),
(70, '2021-01-01', '9999-12-31', 79, 1),
(71, '2021-01-01', '9999-12-31', 80, 1),
(72, '2021-01-01', '9999-12-31', 81, 1),
(73, '2021-01-01', '9999-12-31', 82, 1),
(74, '2021-01-01', '9999-12-31', 83, 1),
(75, '2021-01-01', '9999-12-31', 84, 1),
(76, '2021-01-01', '9999-12-31', 85, 1),
(77, '2021-01-01', '9999-12-31', 86, 1),
(78, '2021-01-01', '9999-12-31', 87, 1),
(79, '2021-01-01', '9999-12-31', 88, 1),
(80, '2021-01-01', '9999-12-31', 89, 1),
(81, '2021-01-01', '9999-12-31', 90, 1),
(82, '2021-01-01', '9999-12-31', 91, 1),
(83, '2021-01-01', '9999-12-31', 92, 1),
(84, '2021-01-01', '9999-12-31', 93, 1),
(85, '2021-01-01', '9999-12-31', 94, 1),
(86, '2021-01-01', '9999-12-31', 95, 1),
(87, '2021-01-01', '9999-12-31', 96, 1),
(88, '2021-01-01', '9999-12-31', 97, 1),
(89, '2021-01-01', '9999-12-31', 98, 1),
(90, '2021-01-01', '9999-12-31', 99, 1),
(91, '2021-01-01', '9999-12-31', 100, 1),
(92, '2021-01-01', '9999-12-31', 101, 1),
(93, '2021-01-01', '9999-12-31', 102, 1),
(94, '2021-01-01', '9999-12-31', 103, 1),
(95, '2021-01-01', '9999-12-31', 1, 2),
(96, '2021-01-01', '9999-12-31', 54, 2),
(97, '2021-01-01', '9999-12-31', 104, 2),
(98, '2021-01-01', '9999-12-31', 88, 2),
(99, '2021-01-01', '9999-12-31', 81, 2),
(100, '2021-01-01', '9999-12-31', 16, 2),
(101, '2021-01-01', '9999-12-31', 105, 2),
(102, '2021-01-01', '9999-12-31', 18, 2),
(103, '2021-01-01', '9999-12-31', 19, 2),
(104, '2021-01-01', '9999-12-31', 76, 2),
(105, '2021-01-01', '9999-12-31', 21, 2),
(106, '2021-01-01', '9999-12-31', 68, 2),
(107, '2021-01-01', '9999-12-31', 32, 2),
(108, '2021-01-01', '9999-12-31', 355, 2),
(109, '2021-01-01', '9999-12-31', 24, 2),
(110, '2021-01-01', '9999-12-31', 33, 2),
(111, '2021-01-01', '9999-12-31', 80, 2),
(112, '2021-01-01', '9999-12-31', 106, 2),
(113, '2021-01-01', '9999-12-31', 39, 2),
(114, '2021-01-01', '9999-12-31', 25, 2),
(115, '2021-01-01', '9999-12-31', 55, 2),
(116, '2021-01-01', '9999-12-31', 22, 2),
(117, '2021-01-01', '9999-12-31', 46, 2),
(118, '2021-01-01', '9999-12-31', 26, 2),
(119, '2021-01-01', '9999-12-31', 27, 2),
(120, '2021-01-01', '9999-12-31', 107, 2),
(121, '2021-01-01', '9999-12-31', 71, 2),
(122, '2021-01-01', '9999-12-31', 30, 2),
(123, '2021-01-01', '9999-12-31', 47, 2),
(124, '2021-01-01', '9999-12-31', 108, 2),
(125, '2021-01-01', '9999-12-31', 57, 2),
(126, '2021-01-01', '9999-12-31', 109, 2),
(127, '2021-01-01', '9999-12-31', 50, 2),
(128, '2021-01-01', '9999-12-31', 110, 2),
(129, '2021-01-01', '9999-12-31', 52, 2),
(130, '2021-01-01', '9999-12-31', 45, 2),
(131, '2021-01-01', '9999-12-31', 34, 2),
(132, '2021-01-01', '9999-12-31', 111, 2),
(133, '2021-01-01', '9999-12-31', 112, 2),
(134, '2021-01-01', '9999-12-31', 113, 2),
(135, '2021-01-01', '9999-12-31', 17, 2),
(136, '2021-01-01', '9999-12-31', 77, 2),
(137, '2021-01-01', '9999-12-31', 114, 2),
(138, '2021-01-01', '9999-12-31', 115, 2),
(139, '2021-01-01', '9999-12-31', 116, 2),
(140, '2021-01-01', '9999-12-31', 117, 2),
(141, '2021-01-01', '9999-12-31', 118, 2),
(142, '2021-01-01', '9999-12-31', 119, 2),
(143, '2021-01-01', '9999-12-31', 36, 2),
(144, '2021-01-01', '9999-12-31', 98, 2),
(145, '2021-01-01', '9999-12-31', 120, 2),
(146, '2021-01-01', '9999-12-31', 48, 2),
(147, '2021-01-01', '9999-12-31', 96, 2),
(148, '2021-01-01', '9999-12-31', 60, 2),
(149, '2021-01-01', '9999-12-31', 70, 2),
(150, '2021-01-01', '9999-12-31', 121, 2),
(151, '2021-01-01', '9999-12-31', 85, 2),
(152, '2021-01-01', '9999-12-31', 122, 2),
(153, '2021-01-01', '9999-12-31', 123, 2),
(154, '2021-01-01', '9999-12-31', 124, 2),
(155, '2021-01-01', '9999-12-31', 125, 2),
(156, '2021-01-01', '9999-12-31', 12, 2),
(157, '2021-01-01', '9999-12-31', 126, 2),
(158, '2021-01-01', '9999-12-31', 127, 2),
(159, '2021-01-01', '9999-12-31', 15, 2),
(160, '2021-01-01', '9999-12-31', 13, 2),
(161, '2021-01-01', '9999-12-31', 14, 2),
(162, '2021-01-01', '9999-12-31', 43, 2),
(163, '2021-01-01', '9999-12-31', 90, 2),
(164, '2021-01-01', '9999-12-31', 69, 2),
(165, '2021-01-01', '9999-12-31', 99, 2),
(166, '2021-01-01', '9999-12-31', 100, 2),
(167, '2021-01-01', '9999-12-31', 128, 2),
(168, '2021-01-01', '9999-12-31', 129, 2),
(169, '2021-01-01', '9999-12-31', 44, 2),
(170, '2021-01-01', '9999-12-31', 92, 2),
(171, '2021-01-01', '9999-12-31', 130, 2),
(172, '2021-01-01', '9999-12-31', 83, 2),
(173, '2021-01-01', '9999-12-31', 131, 2),
(174, '2021-01-01', '9999-12-31', 132, 2),
(175, '2021-01-01', '9999-12-31', 20, 2),
(176, '2021-01-01', '9999-12-31', 133, 2),
(177, '2021-01-01', '9999-12-31', 134, 2),
(178, '2021-01-01', '9999-12-31', 135, 2),
(179, '2021-01-01', '9999-12-31', 136, 2),
(180, '2021-01-01', '9999-12-31', 137, 2),
(181, '2021-01-01', '9999-12-31', 138, 2),
(182, '2021-01-01', '9999-12-31', 139, 2),
(183, '2021-01-01', '9999-12-31', 140, 2),
(184, '2021-01-01', '9999-12-31', 141, 2),
(185, '2021-01-01', '9999-12-31', 1, 3),
(186, '2021-01-01', '9999-12-31', 133, 3),
(187, '2021-01-01', '9999-12-31', 142, 3),
(188, '2021-01-01', '9999-12-31', 143, 3),
(189, '2021-01-01', '9999-12-31', 144, 3),
(190, '2021-01-01', '9999-12-31', 16, 3),
(191, '2021-01-01', '9999-12-31', 17, 3),
(192, '2021-01-01', '9999-12-31', 18, 3),
(193, '2021-01-01', '9999-12-31', 19, 3),
(194, '2021-01-01', '9999-12-31', 52, 3),
(195, '2021-01-01', '9999-12-31', 21, 3),
(196, '2021-01-01', '9999-12-31', 22, 3),
(197, '2021-01-01', '9999-12-31', 59, 3),
(198, '2021-01-01', '9999-12-31', 355, 3),
(199, '2021-01-01', '9999-12-31', 24, 3),
(200, '2021-01-01', '9999-12-31', 145, 3),
(201, '2021-01-01', '9999-12-31', 26, 3),
(202, '2021-01-01', '9999-12-31', 146, 3),
(203, '2021-01-01', '9999-12-31', 107, 3),
(204, '2021-01-01', '9999-12-31', 29, 3),
(205, '2021-01-01', '9999-12-31', 39, 3),
(206, '2021-01-01', '9999-12-31', 31, 3),
(207, '2021-01-01', '9999-12-31', 32, 3),
(208, '2021-01-01', '9999-12-31', 33, 3),
(209, '2021-01-01', '9999-12-31', 54, 3),
(210, '2021-01-01', '9999-12-31', 147, 3),
(211, '2021-01-01', '9999-12-31', 88, 3),
(212, '2021-01-01', '9999-12-31', 57, 3),
(213, '2021-01-01', '9999-12-31', 75, 3),
(214, '2021-01-01', '9999-12-31', 44, 3),
(215, '2021-01-01', '9999-12-31', 40, 3),
(216, '2021-01-01', '9999-12-31', 47, 3),
(217, '2021-01-01', '9999-12-31', 121, 3),
(218, '2021-01-01', '9999-12-31', 100, 3),
(219, '2021-01-01', '9999-12-31', 115, 3),
(220, '2021-01-01', '9999-12-31', 148, 3),
(221, '2021-01-01', '9999-12-31', 117, 3),
(222, '2021-01-01', '9999-12-31', 149, 3),
(223, '2021-01-01', '9999-12-31', 51, 3),
(224, '2021-01-01', '9999-12-31', 53, 3),
(225, '2021-01-01', '9999-12-31', 23, 3),
(226, '2021-01-01', '9999-12-31', 150, 3),
(227, '2021-01-01', '9999-12-31', 151, 3),
(228, '2021-01-01', '9999-12-31', 152, 3),
(229, '2021-01-01', '9999-12-31', 90, 3),
(230, '2021-01-01', '9999-12-31', 20, 3),
(231, '2021-01-01', '9999-12-31', 92, 3),
(232, '2021-01-01', '9999-12-31', 12, 3),
(233, '2021-01-01', '9999-12-31', 130, 3),
(234, '2021-01-01', '9999-12-31', 14, 3),
(235, '2021-01-01', '9999-12-31', 74, 3),
(236, '2021-01-01', '9999-12-31', 153, 3),
(237, '2021-01-01', '9999-12-31', 96, 3),
(238, '2021-01-01', '9999-12-31', 78, 3),
(239, '2021-01-01', '9999-12-31', 154, 3),
(240, '2021-01-01', '9999-12-31', 15, 3),
(241, '2021-01-01', '9999-12-31', 102, 3),
(242, '2021-01-01', '9999-12-31', 99, 3),
(243, '2021-01-01', '9999-12-31', 91, 3),
(244, '2021-01-01', '9999-12-31', 155, 3),
(245, '2021-01-01', '9999-12-31', 156, 3),
(246, '2021-01-01', '9999-12-31', 45, 3),
(247, '2021-01-01', '9999-12-31', 157, 3),
(248, '2021-01-01', '9999-12-31', 158, 3),
(249, '2021-01-01', '9999-12-31', 159, 3),
(250, '2021-01-01', '9999-12-31', 137, 3),
(251, '2021-01-01', '9999-12-31', 46, 3),
(252, '2021-01-01', '9999-12-31', 160, 3),
(253, '2021-01-01', '9999-12-31', 13, 3),
(254, '2021-01-01', '9999-12-31', 73, 3),
(255, '2021-01-01', '9999-12-31', 95, 3),
(256, '2021-01-01', '9999-12-31', 64, 3),
(257, '2021-01-01', '9999-12-31', 161, 3),
(258, '2021-01-01', '9999-12-31', 66, 3),
(259, '2021-01-01', '9999-12-31', 162, 3),
(260, '2021-01-01', '9999-12-31', 163, 3),
(261, '2021-01-01', '9999-12-31', 48, 3),
(262, '2021-01-01', '9999-12-31', 164, 3),
(263, '2021-01-01', '9999-12-31', 165, 3),
(264, '2021-01-01', '9999-12-31', 166, 3),
(265, '2021-01-01', '9999-12-31', 138, 3),
(266, '2021-01-01', '9999-12-31', 167, 3),
(267, '2021-01-01', '9999-12-31', 127, 3),
(268, '2021-01-01', '9999-12-31', 168, 3),
(269, '2021-01-01', '9999-12-31', 38, 3),
(270, '2021-01-01', '9999-12-31', 169, 3),
(271, '2021-01-01', '9999-12-31', 109, 3),
(272, '2021-01-01', '9999-12-31', 50, 3),
(273, '2021-01-01', '9999-12-31', 170, 3),
(274, '2021-01-01', '9999-12-31', 171, 3),
(275, '2021-01-01', '9999-12-31', 77, 3),
(276, '2021-01-01', '9999-12-31', 72, 3),
(277, '2021-01-01', '9999-12-31', 172, 3),
(278, '2021-01-01', '9999-12-31', 173, 3),
(279, '2021-01-01', '9999-12-31', 174, 3),
(280, '2021-01-01', '9999-12-31', 101, 3),
(281, '2021-01-01', '9999-12-31', 94, 3),
(282, '2021-01-01', '9999-12-31', 175, 3),
(283, '0000-00-00', '9999-12-31', 176, 4),
(284, '0000-00-00', '9999-12-31', 177, 4),
(285, '0000-00-00', '9999-12-31', 178, 4),
(286, '0000-00-00', '9999-12-31', 179, 4),
(287, '0000-00-00', '9999-12-31', 180, 4),
(288, '0000-00-00', '9999-12-31', 181, 4),
(289, '0000-00-00', '9999-12-31', 182, 4),
(290, '0000-00-00', '9999-12-31', 183, 4),
(291, '0000-00-00', '9999-12-31', 184, 4),
(292, '0000-00-00', '9999-12-31', 185, 4),
(293, '0000-00-00', '9999-12-31', 186, 4),
(294, '0000-00-00', '9999-12-31', 356, 4),
(295, '0000-00-00', '9999-12-31', 187, 4),
(296, '0000-00-00', '9999-12-31', 188, 5),
(297, '0000-00-00', '9999-12-31', 189, 5),
(298, '0000-00-00', '9999-12-31', 190, 5),
(299, '0000-00-00', '9999-12-31', 191, 5),
(300, '0000-00-00', '9999-12-31', 192, 5),
(301, '0000-00-00', '9999-12-31', 193, 5),
(302, '0000-00-00', '9999-12-31', 194, 5),
(303, '0000-00-00', '9999-12-31', 195, 5),
(304, '0000-00-00', '9999-12-31', 196, 5),
(305, '0000-00-00', '9999-12-31', 197, 5),
(306, '0000-00-00', '9999-12-31', 198, 5),
(307, '0000-00-00', '9999-12-31', 199, 5),
(308, '0000-00-00', '9999-12-31', 357, 5),
(309, '0000-00-00', '9999-12-31', 200, 5),
(310, '0000-00-00', '9999-12-31', 201, 6),
(311, '0000-00-00', '9999-12-31', 202, 6),
(312, '0000-00-00', '9999-12-31', 203, 6),
(313, '0000-00-00', '9999-12-31', 204, 6),
(314, '0000-00-00', '9999-12-31', 205, 6),
(315, '0000-00-00', '9999-12-31', 206, 6),
(316, '0000-00-00', '9999-12-31', 207, 6),
(317, '0000-00-00', '9999-12-31', 208, 6),
(318, '0000-00-00', '9999-12-31', 209, 6),
(319, '0000-00-00', '9999-12-31', 210, 6),
(320, '0000-00-00', '9999-12-31', 211, 6),
(321, '0000-00-00', '9999-12-31', 358, 6),
(322, '0000-00-00', '9999-12-31', 212, 6),
(323, '0000-00-00', '9999-12-31', 176, 7),
(324, '0000-00-00', '9999-12-31', 177, 7),
(325, '0000-00-00', '9999-12-31', 213, 7),
(326, '0000-00-00', '9999-12-31', 214, 7),
(327, '0000-00-00', '9999-12-31', 179, 7),
(328, '0000-00-00', '9999-12-31', 215, 7),
(329, '0000-00-00', '9999-12-31', 216, 7),
(330, '0000-00-00', '9999-12-31', 217, 7),
(331, '0000-00-00', '9999-12-31', 218, 7),
(332, '0000-00-00', '9999-12-31', 219, 7),
(333, '0000-00-00', '9999-12-31', 220, 7),
(334, '0000-00-00', '9999-12-31', 221, 7),
(335, '0000-00-00', '9999-12-31', 356, 7),
(336, '0000-00-00', '9999-12-31', 222, 7),
(337, '0000-00-00', '9999-12-31', 223, 8),
(338, '0000-00-00', '9999-12-31', 224, 8),
(339, '0000-00-00', '9999-12-31', 225, 8),
(340, '0000-00-00', '9999-12-31', 226, 8),
(341, '0000-00-00', '9999-12-31', 227, 8),
(342, '0000-00-00', '9999-12-31', 228, 8),
(343, '0000-00-00', '9999-12-31', 229, 8),
(344, '0000-00-00', '9999-12-31', 230, 8),
(345, '0000-00-00', '9999-12-31', 231, 8),
(346, '0000-00-00', '9999-12-31', 232, 8),
(347, '0000-00-00', '9999-12-31', 233, 8),
(348, '0000-00-00', '9999-12-31', 359, 8),
(349, '0000-00-00', '9999-12-31', 234, 8),
(350, '0000-00-00', '9999-12-31', 235, 9),
(351, '0000-00-00', '9999-12-31', 224, 9),
(352, '0000-00-00', '9999-12-31', 225, 9),
(353, '0000-00-00', '9999-12-31', 236, 9),
(354, '0000-00-00', '9999-12-31', 226, 9),
(355, '0000-00-00', '9999-12-31', 237, 9),
(356, '0000-00-00', '9999-12-31', 238, 9),
(357, '0000-00-00', '9999-12-31', 239, 9),
(358, '0000-00-00', '9999-12-31', 240, 9),
(359, '0000-00-00', '9999-12-31', 241, 9),
(360, '0000-00-00', '9999-12-31', 242, 9),
(361, '0000-00-00', '9999-12-31', 243, 9),
(362, '0000-00-00', '9999-12-31', 359, 9),
(363, '0000-00-00', '9999-12-31', 244, 9),
(364, '0000-00-00', '9999-12-31', 245, 10),
(365, '0000-00-00', '9999-12-31', 189, 10),
(366, '0000-00-00', '9999-12-31', 190, 10),
(367, '0000-00-00', '9999-12-31', 246, 10),
(368, '0000-00-00', '9999-12-31', 192, 10),
(369, '0000-00-00', '9999-12-31', 247, 10),
(370, '0000-00-00', '9999-12-31', 248, 10),
(371, '0000-00-00', '9999-12-31', 249, 10),
(372, '0000-00-00', '9999-12-31', 250, 10),
(373, '0000-00-00', '9999-12-31', 251, 10),
(374, '0000-00-00', '9999-12-31', 252, 10),
(375, '0000-00-00', '9999-12-31', 253, 10),
(376, '0000-00-00', '9999-12-31', 357, 10),
(377, '0000-00-00', '9999-12-31', 254, 10),
(378, '0000-00-00', '9999-12-31', 255, 11),
(379, '0000-00-00', '9999-12-31', 256, 11),
(380, '0000-00-00', '9999-12-31', 257, 11),
(381, '0000-00-00', '9999-12-31', 258, 11),
(382, '0000-00-00', '9999-12-31', 259, 11),
(383, '0000-00-00', '9999-12-31', 260, 11),
(384, '0000-00-00', '9999-12-31', 261, 11),
(385, '0000-00-00', '9999-12-31', 262, 11),
(386, '0000-00-00', '9999-12-31', 263, 11),
(387, '0000-00-00', '9999-12-31', 264, 11),
(388, '0000-00-00', '9999-12-31', 265, 11),
(389, '0000-00-00', '9999-12-31', 360, 11),
(390, '0000-00-00', '9999-12-31', 266, 11),
(391, '0000-00-00', '9999-12-31', 267, 12),
(392, '0000-00-00', '9999-12-31', 177, 12),
(393, '0000-00-00', '9999-12-31', 213, 12),
(394, '0000-00-00', '9999-12-31', 214, 12),
(395, '0000-00-00', '9999-12-31', 179, 12),
(396, '0000-00-00', '9999-12-31', 268, 12),
(397, '0000-00-00', '9999-12-31', 269, 12),
(398, '0000-00-00', '9999-12-31', 270, 12),
(399, '0000-00-00', '9999-12-31', 271, 12),
(400, '0000-00-00', '9999-12-31', 272, 12),
(401, '0000-00-00', '9999-12-31', 273, 12),
(402, '0000-00-00', '9999-12-31', 221, 12),
(403, '0000-00-00', '9999-12-31', 356, 12),
(404, '0000-00-00', '9999-12-31', 274, 12),
(405, '0000-00-00', '9999-12-31', 275, 13),
(406, '0000-00-00', '9999-12-31', 189, 13),
(407, '0000-00-00', '9999-12-31', 191, 13),
(408, '0000-00-00', '9999-12-31', 190, 13),
(409, '0000-00-00', '9999-12-31', 192, 13),
(410, '0000-00-00', '9999-12-31', 276, 13),
(411, '0000-00-00', '9999-12-31', 277, 13),
(412, '0000-00-00', '9999-12-31', 278, 13),
(413, '0000-00-00', '9999-12-31', 279, 13),
(414, '0000-00-00', '9999-12-31', 280, 13),
(415, '0000-00-00', '9999-12-31', 281, 13),
(416, '0000-00-00', '9999-12-31', 282, 13),
(417, '0000-00-00', '9999-12-31', 357, 13),
(418, '0000-00-00', '9999-12-31', 283, 13),
(419, '0000-00-00', '9999-12-31', 284, 13),
(420, '0000-00-00', '9999-12-31', 285, 13),
(421, '0000-00-00', '9999-12-31', 286, 13),
(422, '0000-00-00', '9999-12-31', 287, 13),
(423, '0000-00-00', '9999-12-31', 288, 13),
(424, '0000-00-00', '9999-12-31', 289, 13),
(425, '0000-00-00', '9999-12-31', 290, 13),
(426, '0000-00-00', '9999-12-31', 291, 13),
(427, '0000-00-00', '9999-12-31', 292, 13),
(428, '0000-00-00', '9999-12-31', 293, 13),
(429, '0000-00-00', '9999-12-31', 294, 13),
(430, '0000-00-00', '9999-12-31', 361, 13),
(431, '0000-00-00', '9999-12-31', 295, 13),
(432, '0000-00-00', '9999-12-31', 245, 14),
(433, '0000-00-00', '9999-12-31', 189, 14),
(434, '0000-00-00', '9999-12-31', 190, 14),
(435, '0000-00-00', '9999-12-31', 192, 14),
(436, '0000-00-00', '9999-12-31', 296, 14),
(437, '0000-00-00', '9999-12-31', 297, 14),
(438, '0000-00-00', '9999-12-31', 298, 14),
(439, '0000-00-00', '9999-12-31', 299, 14),
(440, '0000-00-00', '9999-12-31', 300, 14),
(441, '0000-00-00', '9999-12-31', 301, 14),
(442, '0000-00-00', '9999-12-31', 282, 14),
(443, '0000-00-00', '9999-12-31', 357, 14),
(444, '0000-00-00', '9999-12-31', 302, 14),
(445, '0000-00-00', '9999-12-31', 303, 15),
(446, '0000-00-00', '9999-12-31', 256, 15),
(447, '0000-00-00', '9999-12-31', 304, 15),
(448, '0000-00-00', '9999-12-31', 305, 15),
(449, '0000-00-00', '9999-12-31', 258, 15),
(450, '0000-00-00', '9999-12-31', 306, 15),
(451, '0000-00-00', '9999-12-31', 307, 15),
(452, '0000-00-00', '9999-12-31', 308, 15),
(453, '0000-00-00', '9999-12-31', 309, 15),
(454, '0000-00-00', '9999-12-31', 310, 15),
(455, '0000-00-00', '9999-12-31', 311, 15),
(456, '0000-00-00', '9999-12-31', 312, 15),
(457, '0000-00-00', '9999-12-31', 360, 15),
(458, '0000-00-00', '9999-12-31', 313, 15),
(459, '0000-00-00', '9999-12-31', 314, 14),
(460, '0000-00-00', '9999-12-31', 224, 14),
(461, '0000-00-00', '9999-12-31', 315, 14),
(462, '0000-00-00', '9999-12-31', 316, 14),
(463, '0000-00-00', '9999-12-31', 226, 14),
(464, '0000-00-00', '9999-12-31', 317, 14),
(465, '0000-00-00', '9999-12-31', 318, 14),
(466, '0000-00-00', '9999-12-31', 319, 14),
(467, '0000-00-00', '9999-12-31', 320, 14),
(468, '0000-00-00', '9999-12-31', 321, 14),
(469, '0000-00-00', '9999-12-31', 322, 14),
(470, '0000-00-00', '9999-12-31', 233, 14),
(471, '0000-00-00', '9999-12-31', 359, 14),
(472, '0000-00-00', '9999-12-31', 323, 14),
(473, '0000-00-00', '9999-12-31', 324, 16),
(474, '0000-00-00', '9999-12-31', 325, 16),
(475, '0000-00-00', '9999-12-31', 326, 16),
(476, '0000-00-00', '9999-12-31', 327, 16),
(477, '0000-00-00', '9999-12-31', 328, 16),
(478, '0000-00-00', '9999-12-31', 329, 16),
(479, '0000-00-00', '9999-12-31', 330, 16),
(480, '0000-00-00', '9999-12-31', 331, 16),
(481, '0000-00-00', '9999-12-31', 332, 16),
(482, '0000-00-00', '9999-12-31', 333, 16),
(483, '0000-00-00', '9999-12-31', 334, 16),
(484, '0000-00-00', '9999-12-31', 335, 16),
(485, '0000-00-00', '9999-12-31', 362, 16),
(486, '0000-00-00', '9999-12-31', 336, 16),
(487, '0000-00-00', '9999-12-31', 337, 16),
(488, '0000-00-00', '9999-12-31', 224, 16),
(489, '0000-00-00', '9999-12-31', 338, 16),
(490, '0000-00-00', '9999-12-31', 316, 16),
(491, '0000-00-00', '9999-12-31', 226, 16),
(492, '0000-00-00', '9999-12-31', 339, 16),
(493, '0000-00-00', '9999-12-31', 340, 16),
(494, '0000-00-00', '9999-12-31', 341, 16),
(495, '0000-00-00', '9999-12-31', 342, 16),
(496, '0000-00-00', '9999-12-31', 321, 16),
(497, '0000-00-00', '9999-12-31', 322, 16),
(498, '0000-00-00', '9999-12-31', 343, 16),
(499, '0000-00-00', '9999-12-31', 359, 16),
(500, '0000-00-00', '9999-12-31', 344, 16),
(501, '0000-00-00', '9999-12-31', 345, 17),
(502, '0000-00-00', '9999-12-31', 325, 17),
(503, '0000-00-00', '9999-12-31', 346, 17),
(504, '0000-00-00', '9999-12-31', 328, 17),
(505, '0000-00-00', '9999-12-31', 347, 17),
(506, '0000-00-00', '9999-12-31', 348, 17),
(507, '0000-00-00', '9999-12-31', 349, 17),
(508, '0000-00-00', '9999-12-31', 350, 17),
(509, '0000-00-00', '9999-12-31', 351, 17),
(510, '0000-00-00', '9999-12-31', 352, 17),
(511, '0000-00-00', '9999-12-31', 353, 17),
(512, '0000-00-00', '9999-12-31', 362, 17),
(513, '0000-00-00', '9999-12-31', 354, 17);

-- --------------------------------------------------------

--
-- Table structure for table `grade`
--

CREATE TABLE `grade` (
  `grade` int NOT NULL,
  `name` varchar(10) NOT NULL,
  `school` int NOT NULL
) ENGINE=InnoDB DEFAULT CHARSET=utf8mb4 COLLATE=utf8mb4_0900_ai_ci COMMENT='{"cx":"198","cy":"1192"}';

--
-- Dumping data for table `grade`
--

INSERT INTO `grade` (`grade`, `name`, `school`) VALUES
(3, '19', 1),
(14, '20', 1),
(13, '21', 1),
(12, '23', 1),
(9, '24', 1),
(15, '25', 1),
(10, '28', 1),
(8, '31', 1),
(11, '34', 1),
(7, '35', 1),
(5, '36', 1),
(6, '37', 1),
(4, '38', 1),
(2, '45', 1),
(1, 'FOUR', 1);

-- --------------------------------------------------------

--
-- Table structure for table `guardian`
--

CREATE TABLE `guardian` (
  `guardian` int NOT NULL,
  `relation` varchar(30) DEFAULT NULL,
  `student` int NOT NULL,
  `name` varchar(20) DEFAULT NULL,
  `parent` int NOT NULL
) ENGINE=InnoDB DEFAULT CHARSET=utf8mb4 COLLATE=utf8mb4_0900_ai_ci COMMENT='{"cx":"455","cy":"574"}';

-- --------------------------------------------------------

--
-- Table structure for table `lesson`
--

CREATE TABLE `lesson` (
  `lesson` int NOT NULL,
  `day` varchar(15) NOT NULL,
  `start_time` time NOT NULL,
  `duration` int NOT NULL,
  `teacher` int NOT NULL,
  `stage` int NOT NULL
) ENGINE=InnoDB DEFAULT CHARSET=utf8mb4 COLLATE=utf8mb4_0900_ai_ci COMMENT='{"cx":"-161","cy":"1068"}';

-- --------------------------------------------------------

--
-- Table structure for table `parent`
--

CREATE TABLE `parent` (
  `parent` int NOT NULL,
  `email` varchar(30) NOT NULL,
  `user` int NOT NULL
) ENGINE=InnoDB DEFAULT CHARSET=utf8mb4 COLLATE=utf8mb4_0900_ai_ci COMMENT='{"cx":"704","cy":"584"}';

--
-- Dumping data for table `parent`
--

INSERT INTO `parent` (`parent`, `email`, `user`) VALUES
(1, 'camilus@gmail.com', 177);

-- --------------------------------------------------------

--
-- Table structure for table `principal`
--

CREATE TABLE `principal` (
  `principal` int NOT NULL,
  `email` varchar(30) DEFAULT NULL,
  `user` int NOT NULL
) ENGINE=InnoDB DEFAULT CHARSET=utf8mb4 COLLATE=utf8mb4_0900_ai_ci COMMENT='{"cx":"226","cy":"1673"}';

--
-- Dumping data for table `principal`
--

INSERT INTO `principal` (`principal`, `email`, `user`) VALUES
(1, 'camilus@gmail.com', 177);

-- --------------------------------------------------------

--
-- Table structure for table `progress`
--

CREATE TABLE `progress` (
  `progress` int NOT NULL,
  `is_valid` tinyint(1) NOT NULL,
  `student` int NOT NULL,
  `stage` int NOT NULL
) ENGINE=InnoDB DEFAULT CHARSET=utf8mb4 COLLATE=utf8mb4_0900_ai_ci COMMENT='{"cx":"185","cy":"720"}';

--
-- Dumping data for table `progress`
--

INSERT INTO `progress` (`progress`, `is_valid`, `student`, `stage`) VALUES
(53, 0, 53, 4),
(54, 0, 54, 5),
(55, 0, 55, 6),
(56, 0, 56, 7),
(57, 0, 57, 8),
(58, 0, 58, 9),
(59, 0, 59, 10),
(60, 0, 60, 11),
(61, 0, 61, 12),
(62, 0, 62, 13),
(63, 0, 63, 13),
(64, 0, 64, 14),
(65, 0, 65, 15),
(66, 0, 66, 14),
(67, 0, 67, 16),
(68, 0, 68, 16),
(69, 0, 69, 17),
(1, 1, 1, 1),
(2, 1, 2, 1),
(3, 1, 3, 1),
(4, 1, 4, 1),
(5, 1, 5, 1),
(6, 1, 6, 1),
(7, 1, 7, 1),
(8, 1, 8, 1),
(9, 1, 9, 1),
(10, 1, 10, 1),
(11, 1, 11, 1),
(12, 1, 12, 1),
(13, 1, 13, 1),
(14, 1, 14, 1),
(15, 1, 15, 1),
(16, 1, 16, 1),
(17, 1, 17, 1),
(18, 1, 18, 2),
(19, 1, 19, 2),
(20, 1, 20, 2),
(21, 1, 21, 2),
(22, 1, 22, 2),
(23, 1, 23, 2),
(24, 1, 24, 2),
(25, 1, 25, 2),
(26, 1, 26, 2),
(27, 1, 27, 2),
(28, 1, 28, 2),
(29, 1, 29, 2),
(30, 1, 30, 2),
(31, 1, 31, 2),
(32, 1, 32, 2),
(33, 1, 33, 2),
(34, 1, 34, 2),
(35, 1, 35, 2),
(36, 1, 36, 3),
(37, 1, 37, 3),
(38, 1, 38, 3),
(39, 1, 39, 3),
(40, 1, 40, 3),
(41, 1, 41, 3),
(42, 1, 42, 3),
(43, 1, 43, 3),
(44, 1, 44, 3),
(45, 1, 45, 3),
(46, 1, 46, 3),
(47, 1, 47, 3),
(48, 1, 48, 3),
(49, 1, 49, 3),
(50, 1, 50, 3),
(51, 1, 51, 3),
(52, 1, 52, 3);

-- --------------------------------------------------------

--
-- Table structure for table `school`
--

CREATE TABLE `school` (
  `school` int NOT NULL,
  `name` varchar(50) DEFAULT NULL,
  `id` varchar(30) NOT NULL
) ENGINE=InnoDB DEFAULT CHARSET=utf8mb4 COLLATE=utf8mb4_0900_ai_ci COMMENT='{"cx":"201","cy":"1354"}';

--
-- Dumping data for table `school`
--

INSERT INTO `school` (`school`, `name`, `id`) VALUES
(1, NULL, 'kaps');

-- --------------------------------------------------------

--
-- Table structure for table `score`
--

CREATE TABLE `score` (
  `score` int NOT NULL,
  `value` int NOT NULL,
  `date` date NOT NULL,
  `term` int NOT NULL,
  `allocation` int NOT NULL,
  `student` int NOT NULL
) ENGINE=InnoDB DEFAULT CHARSET=utf8mb4 COLLATE=utf8mb4_0900_ai_ci COMMENT='{"cx":"185","cy":"410"}';

-- --------------------------------------------------------

--
-- Table structure for table `staff`
--

CREATE TABLE `staff` (
  `staff` int NOT NULL,
  `email` varchar(30) NOT NULL,
  `username` varchar(40) NOT NULL,
  `user` int NOT NULL,
  `school` int DEFAULT NULL
) ENGINE=InnoDB DEFAULT CHARSET=utf8mb4 COLLATE=utf8mb4_0900_ai_ci COMMENT='{"cx":"-481","cy":"1164"}';

--
-- Dumping data for table `staff`
--

INSERT INTO `staff` (`staff`, `email`, `username`, `user`, `school`) VALUES
(1, 'lk@gmail.com', '', 184, NULL),
(2, 'camilus@gmail.com', '', 177, NULL),
(3, 'james@gmail', '', 185, 1),
(4, 'patrick@gmail', '', 186, NULL),
(5, 'john@gmail', '', 187, NULL),
(6, 'kibet@gmail', '', 188, NULL),
(7, 'joy@gmail', '', 189, NULL),
(8, 'mary@gmail', '', 190, NULL),
(9, 'charles@gmail', '', 191, NULL),
(10, 'moses@gmail', '', 209, 1),
(11, 'harry@gmail', '', 193, NULL),
(12, '5', '', 194, 1),
(13, 'INSHA', '', 195, 1),
(14, 'SCIENCE & TECHNOLOGY', '', 196, 1),
(15, 'MUSIC', '', 205, 1),
(16, '30', '', 188, 1),
(17, 'TARGETER SERIES', '', 198, 1),
(18, '6', '', 199, 1),
(19, '28', '', 188, 1),
(20, '7', '', 201, 1),
(21, '29', '', 188, 1),
(22, '27', '', 188, 1),
(23, '8', '', 202, 1),
(24, '22', '', 208, 1),
(25, '4', '', 203, 1),
(26, '25', '', 188, 1),
(27, '24', '', 188, 1),
(28, '26', '', 188, 1),
(29, '23', '', 218, 1),
(30, '18', '', 220, 1),
(31, '9', '', 200, 1),
(32, '10', '', 197, 1),
(33, '3', '', 204, 1),
(34, '13', '', 223, 1),
(35, '21', '', 188, 1),
(36, '99', '', 206, 1),
(37, 'UFAHAMU', '', 207, 1),
(38, '19', '', 210, 1),
(39, '98', '', 211, 1),
(40, '15', '', 212, 1),
(41, '11', '', 213, 1),
(42, '20', '', 188, 1),
(43, '17', '', 215, 1),
(44, '14', '', 216, 1),
(45, '100', '', 217, 1),
(46, '16', '', 219, 1),
(47, '95', '', 221, 1),
(48, '97', '', 224, 1),
(49, '12', '', 225, 1),
(50, '93', '', 226, 1),
(51, '96', '', 227, 1);

-- --------------------------------------------------------

--
-- Table structure for table `stage`
--

CREATE TABLE `stage` (
  `stage` int NOT NULL,
  `start_date` date NOT NULL,
  `end_date` date NOT NULL DEFAULT '9999-12-31',
  `year` int NOT NULL,
  `stream` int NOT NULL
) ENGINE=InnoDB DEFAULT CHARSET=utf8mb4 COLLATE=utf8mb4_0900_ai_ci COMMENT='{"cx":"170","cy":"894"}';

--
-- Dumping data for table `stage`
--

INSERT INTO `stage` (`stage`, `start_date`, `end_date`, `year`, `stream`) VALUES
(1, '2021-01-01', '9999-12-31', 1, 1),
(2, '2021-01-01', '9999-12-31', 1, 2),
(3, '2021-01-01', '9999-12-31', 1, 3),
(4, '0000-00-00', '9999-12-31', 2, 4),
(5, '0000-00-00', '9999-12-31', 2, 5),
(6, '0000-00-00', '9999-12-31', 2, 6),
(7, '0000-00-00', '9999-12-31', 2, 7),
(8, '0000-00-00', '9999-12-31', 2, 8),
(9, '0000-00-00', '9999-12-31', 2, 9),
(10, '0000-00-00', '9999-12-31', 2, 10),
(11, '0000-00-00', '9999-12-31', 2, 11),
(12, '0000-00-00', '9999-12-31', 2, 12),
(13, '0000-00-00', '9999-12-31', 2, 13),
(14, '0000-00-00', '9999-12-31', 2, 14),
(15, '0000-00-00', '9999-12-31', 2, 15),
(16, '0000-00-00', '9999-12-31', 2, 16),
(17, '0000-00-00', '9999-12-31', 2, 17);

-- --------------------------------------------------------

--
-- Table structure for table `stream`
--

CREATE TABLE `stream` (
  `stream` int NOT NULL,
  `name` varchar(20) NOT NULL,
  `grade` int NOT NULL
) ENGINE=InnoDB DEFAULT CHARSET=utf8mb4 COLLATE=utf8mb4_0900_ai_ci COMMENT='{"cx":"191","cy":"1046"}';

--
-- Dumping data for table `stream`
--

INSERT INTO `stream` (`stream`, `name`, `grade`) VALUES
(1, 'blue', 1),
(3, 'green', 1),
(4, 'james@gmail', 2),
(5, 'james@gmail', 3),
(6, 'james@gmail', 4),
(7, 'james@gmail', 5),
(8, 'james@gmail', 6),
(9, 'james@gmail', 7),
(10, 'james@gmail', 8),
(11, 'james@gmail', 9),
(12, 'james@gmail', 10),
(13, 'james@gmail', 11),
(14, 'james@gmail', 12),
(15, 'james@gmail', 13),
(16, 'james@gmail', 14),
(17, 'james@gmail', 15),
(2, 'red', 1);

-- --------------------------------------------------------

--
-- Table structure for table `student`
--

CREATE TABLE `student` (
  `student` int NOT NULL,
  `admno` varchar(20) DEFAULT NULL,
  `name` varchar(80) NOT NULL
) ENGINE=InnoDB DEFAULT CHARSET=utf8mb4 COLLATE=utf8mb4_0900_ai_ci COMMENT='{"cx":"188","cy":"574"}';

--
-- Dumping data for table `student`
--

INSERT INTO `student` (`student`, `admno`, `name`) VALUES
(1, 'kaps01', 'IGNATIOUS ANGIRA'),
(2, 'kaps02', 'DAVID C KIZITO'),
(3, 'kaps03', 'VICTOR MUTHEE'),
(4, 'kaps04', 'HANNAH ATIENO KEMBE'),
(5, 'kaps05', 'KINGSLEY OBURU'),
(6, 'kaps06', 'MELLISA HOPE'),
(7, 'kaps07', 'SHIRLEEN WANJIKU'),
(8, 'kaps08', 'JOSEPH  MWAURA'),
(9, 'kaps09', 'PRECIOUS MATINDE'),
(10, 'kaps10', 'ABIGAEL WANJIKU'),
(11, 'kaps11', 'SHANTELLE MUTHONI'),
(12, 'kaps12', 'MARY WAIRIMU'),
(13, 'kaps13', 'HANNAH WAITHERA'),
(14, 'kaps14', 'IVY NYOKABI WARARI'),
(15, 'kaps15', 'SAN JUSTIN MURIITHI'),
(16, 'kaps16', 'DAMARIS  NDANU'),
(17, 'kaps17', 'BRIAN NDEGWA'),
(18, 'kaps18', 'JUNIOUR BWOMA'),
(19, 'kaps19', 'JOY ANN MWIKALI'),
(20, 'kaps20', 'GLORIA BIYAKI'),
(21, 'kaps21', 'PANIN LEINA'),
(22, 'kaps22', 'STALINE AYANA'),
(23, 'kaps23', 'SHANICE OGAKE'),
(24, 'kaps24', 'HARIISON NZAI'),
(25, 'kaps25', 'LISA MORAA'),
(26, 'kaps26', 'VICTOR NJOROGE'),
(27, 'kaps27', 'CHARLES ABUGA'),
(28, 'kaps28', 'ISRAEL CHOSEN SOMBA'),
(29, 'kaps29', 'BECKY KARIMI'),
(30, 'kaps30', 'JUNIOUR NYAKEMORI'),
(31, 'kaps31', 'GIFT NAISHIPAI'),
(32, 'kaps32', 'LEWIS GECHIRA'),
(33, 'kaps33', 'BRENDA GATHONI'),
(34, 'kaps34', 'NAFTALY NDIRANGU'),
(35, 'kaps35', 'JOSEPH S NJOROGE'),
(36, 'kaps36', 'ALEXIS WAIRIMU'),
(37, 'kaps37', 'VICTORIA IRANDA'),
(38, 'kaps38', 'WYCLIFF WANYAGA'),
(39, 'kaps39', 'FAITH CHEPTOO'),
(40, 'kaps40', 'STERNLY OCHIENG'),
(41, 'kaps41', 'DAVID ONSARE'),
(42, 'kaps42', 'BRIAN KIMUTAI'),
(43, 'kaps43', 'VICTORIA WANJIRU'),
(44, 'kaps44', 'CLINTON OKINDO'),
(45, 'kaps45', 'RYAN GACHIRI'),
(46, 'kaps46', 'MITCHELE WAIRIMU'),
(47, 'kaps47', 'KELVIN MUTUA'),
(48, 'kaps48', 'LLOYD NJUGUNA'),
(49, 'kaps49', 'CASSEY LOVE'),
(50, 'kaps50', 'ROBIN MORIASI'),
(51, 'kaps51', 'PIUS  OWITI'),
(52, 'kaps52', 'BETTY CHEPNGETICH'),
(53, 'kaps53', 'STAICY AUMA'),
(54, 'kaps54', 'VICTORIA  NDUAMBA'),
(55, 'kaps55', 'ABNER LETUON'),
(56, 'kaps56', 'WISE RABURA'),
(57, 'kaps57', 'BONIFACE LESHAN'),
(58, 'kaps58', 'JOY NOSSIM MURERO'),
(59, 'kaps59', 'DAVID SIMEL'),
(60, 'kaps60', 'WILFred MBUGUA'),
(61, 'kaps61', 'LEE KIARIE KASAINE'),
(62, 'kaps62', 'JOB NYAKANGI'),
(63, 'kaps63', 'EMMANUEL MUNENE'),
(64, 'kaps64', 'BRYSON MBURU'),
(65, 'kaps65', 'NELSON WAWERU'),
(66, 'kaps66', 'PETER CEPHAS'),
(67, 'kaps67', 'VANESAR  NJOKI'),
(68, 'kaps68', 'STECIE  KEMUNTO'),
(69, 'kaps69', 'KELVIN MATU');

-- --------------------------------------------------------

--
-- Table structure for table `subject`
--

CREATE TABLE `subject` (
  `subject` int NOT NULL,
  `name` varchar(70) NOT NULL,
  `id` varchar(20) DEFAULT NULL
) ENGINE=InnoDB DEFAULT CHARSET=utf8mb4 COLLATE=utf8mb4_0900_ai_ci COMMENT='{"cx":"-472","cy":"674"}';

--
-- Dumping data for table `subject`
--

INSERT INTO `subject` (`subject`, `name`, `id`) VALUES
(1, 'Mathematics', 'CRE'),
(2, 'Language', 'ENG'),
(3, 'Science and technology', 'SCI&TECH'),
(4, 'Agriculture', 'AGRIC'),
(5, 'HOME SCIENCE', 'HOMESCI'),
(6, 'Kiswahili', 'KIS'),
(7, 'Social studies', 'SST'),
(8, 'Physical Hygene', 'PHE'),
(9, 'Composition', 'COMP'),
(10, 'INSHA', 'INS'),
(11, 'English', NULL),
(12, '21', NULL),
(13, '100', NULL),
(14, '7', NULL),
(15, 'patrick@gmail', NULL),
(16, '85', NULL),
(17, 'UFAHAMU', NULL),
(18, 'SARUFI', NULL),
(19, '5', NULL),
(20, '19', NULL),
(21, 'peterson@gmail', NULL),
(22, 'ART &CRAFT', NULL),
(23, '17', NULL),
(24, '20', NULL),
(25, '97', NULL),
(26, '9', NULL),
(27, '8', NULL),
(28, '15', NULL),
(29, '18', NULL),
(30, '99', NULL),
(31, '53', NULL),
(32, '24', NULL),
(33, '94', NULL),
(34, '16', NULL),
(35, '81', NULL),
(36, '6', NULL),
(37, '98', NULL),
(38, '78', NULL),
(39, '13', NULL),
(40, '4', NULL),
(41, '95', NULL),
(42, '75', NULL),
(43, '10', NULL),
(44, '14', NULL),
(45, '84', NULL),
(46, '80', NULL),
(47, '12', NULL),
(48, '57', NULL),
(49, '23', NULL),
(50, '89', NULL),
(51, '90', NULL),
(52, '25', NULL),
(53, '88', NULL),
(54, '22', NULL),
(55, '96', NULL),
(56, '74', NULL),
(57, '68', NULL),
(58, '70', NULL),
(59, '11', NULL),
(60, '30', NULL),
(61, '27', NULL),
(62, '52', NULL),
(63, '28', NULL),
(64, '83', NULL),
(65, '72', NULL),
(66, '3', NULL),
(67, '79', NULL),
(68, 'COMPREHENSION', NULL),
(69, 'kusoma,idadi', NULL),
(70, 'mary@gmail', NULL),
(71, 'SCIENCE & TECHNOLOGY', NULL),
(72, 'john@gmail', NULL),
(73, 'harry@gmail', NULL),
(74, '2', NULL),
(75, 'Christian Religious Education', NULL);

-- --------------------------------------------------------

--
-- Table structure for table `teacher`
--

CREATE TABLE `teacher` (
  `teacher` int NOT NULL,
  `is_valid` tinyint(1) NOT NULL,
  `subject` int NOT NULL,
  `staff` int NOT NULL
) ENGINE=InnoDB DEFAULT CHARSET=utf8mb4 COLLATE=utf8mb4_0900_ai_ci COMMENT='{"cx":"-475","cy":"925"}';

--
-- Dumping data for table `teacher`
--

INSERT INTO `teacher` (`teacher`, `is_valid`, `subject`, `staff`) VALUES
(1, 1, 1, 3),
(8, 1, 1, 10),
(2, 1, 2, 4),
(3, 1, 3, 5),
(4, 1, 4, 6),
(5, 1, 5, 7),
(21, 1, 5, 14),
(6, 1, 6, 8),
(7, 1, 7, 9),
(9, 1, 8, 11),
(10, 1, 9, 4),
(11, 1, 10, 8),
(12, 1, 11, 12),
(26, 1, 11, 18),
(34, 1, 11, 20),
(54, 1, 11, 23),
(64, 1, 11, 25),
(115, 1, 11, 31),
(122, 1, 11, 32),
(133, 1, 11, 33),
(13, 1, 12, 12),
(31, 1, 12, 15),
(109, 1, 12, 18),
(55, 1, 12, 23),
(14, 1, 13, 12),
(107, 1, 13, 18),
(112, 1, 13, 20),
(80, 1, 13, 23),
(158, 1, 13, 31),
(124, 1, 13, 32),
(143, 1, 13, 33),
(15, 1, 14, 12),
(44, 1, 14, 14),
(139, 1, 14, 15),
(160, 1, 14, 17),
(50, 1, 14, 18),
(37, 1, 14, 20),
(67, 1, 14, 25),
(159, 1, 14, 31),
(16, 1, 15, 13),
(17, 1, 16, 13),
(18, 1, 17, 13),
(19, 1, 18, 13),
(168, 1, 19, 12),
(20, 1, 19, 14),
(165, 1, 19, 18),
(89, 1, 19, 23),
(144, 1, 19, 33),
(101, 1, 20, 12),
(22, 1, 20, 15),
(87, 1, 20, 23),
(161, 1, 20, 25),
(148, 1, 20, 31),
(23, 1, 21, 16),
(32, 1, 21, 19),
(40, 1, 21, 21),
(46, 1, 21, 22),
(173, 1, 21, 23),
(59, 1, 21, 24),
(77, 1, 21, 26),
(91, 1, 21, 27),
(96, 1, 21, 28),
(100, 1, 21, 29),
(103, 1, 21, 30),
(140, 1, 21, 34),
(167, 1, 21, 35),
(24, 1, 22, 17),
(126, 1, 23, 12),
(45, 1, 23, 15),
(25, 1, 23, 17),
(61, 1, 23, 20),
(65, 1, 23, 25),
(72, 1, 24, 12),
(53, 1, 24, 15),
(145, 1, 24, 17),
(27, 1, 24, 18),
(83, 1, 25, 12),
(28, 1, 25, 18),
(43, 1, 26, 12),
(39, 1, 26, 14),
(174, 1, 26, 17),
(29, 1, 26, 18),
(57, 1, 26, 23),
(149, 1, 26, 31),
(74, 1, 27, 12),
(30, 1, 27, 14),
(175, 1, 27, 15),
(163, 1, 27, 17),
(71, 1, 27, 18),
(98, 1, 27, 20),
(156, 1, 27, 23),
(152, 1, 27, 31),
(128, 1, 28, 12),
(120, 1, 28, 15),
(33, 1, 28, 17),
(69, 1, 28, 18),
(68, 1, 29, 15),
(114, 1, 29, 17),
(48, 1, 29, 18),
(35, 1, 29, 20),
(79, 1, 29, 23),
(49, 1, 30, 18),
(36, 1, 30, 20),
(88, 1, 30, 23),
(117, 1, 30, 31),
(135, 1, 30, 33),
(38, 1, 31, 13),
(41, 1, 32, 12),
(111, 1, 32, 20),
(147, 1, 32, 23),
(116, 1, 32, 31),
(42, 1, 33, 12),
(82, 1, 34, 12),
(99, 1, 34, 15),
(47, 1, 34, 17),
(134, 1, 34, 33),
(51, 1, 35, 13),
(95, 1, 36, 12),
(52, 1, 36, 14),
(169, 1, 36, 17),
(162, 1, 36, 25),
(118, 1, 36, 31),
(136, 1, 36, 33),
(73, 1, 37, 12),
(70, 1, 37, 18),
(62, 1, 37, 20),
(56, 1, 37, 23),
(58, 1, 38, 13),
(93, 1, 39, 12),
(60, 1, 39, 17),
(131, 1, 40, 12),
(138, 1, 40, 14),
(63, 1, 40, 20),
(94, 1, 41, 12),
(164, 1, 41, 18),
(66, 1, 41, 25),
(75, 1, 42, 13),
(84, 1, 43, 12),
(76, 1, 43, 14),
(150, 1, 43, 17),
(121, 1, 43, 18),
(113, 1, 43, 20),
(81, 1, 43, 23),
(125, 1, 43, 32),
(86, 1, 44, 15),
(78, 1, 44, 17),
(97, 1, 44, 18),
(85, 1, 45, 13),
(90, 1, 46, 13),
(92, 1, 47, 17),
(102, 1, 48, 13),
(130, 1, 49, 12),
(104, 1, 49, 23),
(123, 1, 49, 32),
(105, 1, 50, 13),
(106, 1, 51, 13),
(108, 1, 52, 23),
(110, 1, 53, 13),
(154, 1, 54, 12),
(146, 1, 54, 18),
(119, 1, 54, 20),
(157, 1, 54, 31),
(127, 1, 55, 12),
(129, 1, 56, 13),
(132, 1, 57, 13),
(137, 1, 58, 13),
(141, 1, 59, 17),
(142, 1, 60, 33),
(151, 1, 61, 31),
(153, 1, 62, 13),
(155, 1, 63, 23),
(166, 1, 64, 13),
(170, 1, 65, 13),
(171, 1, 66, 14),
(172, 1, 67, 13),
(355, 1, 75, 10),
(331, 10, 10, 43),
(349, 10, 10, 46),
(324, 10, 11, 50),
(345, 10, 11, 51),
(354, 10, 14, 34),
(326, 10, 14, 37),
(348, 10, 14, 46),
(327, 10, 19, 37),
(353, 10, 21, 28),
(335, 10, 21, 35),
(330, 10, 27, 43),
(336, 10, 36, 20),
(346, 10, 40, 37),
(329, 10, 40, 43),
(347, 10, 40, 46),
(325, 10, 68, 37),
(328, 10, 69, 37),
(332, 10, 70, 43),
(350, 10, 70, 46),
(333, 10, 71, 23),
(351, 10, 71, 25),
(334, 10, 72, 23),
(352, 10, 72, 25),
(362, 10, 75, 10),
(261, 16, 10, 30),
(308, 16, 10, 43),
(303, 16, 11, 39),
(255, 16, 11, 45),
(259, 16, 14, 30),
(257, 16, 14, 37),
(313, 16, 14, 40),
(265, 16, 21, 19),
(312, 16, 21, 28),
(305, 16, 27, 37),
(266, 16, 36, 40),
(306, 16, 40, 43),
(260, 16, 47, 30),
(307, 16, 59, 43),
(256, 16, 68, 37),
(258, 16, 69, 37),
(262, 16, 70, 30),
(309, 16, 70, 43),
(310, 16, 71, 18),
(263, 16, 71, 23),
(311, 16, 72, 18),
(264, 16, 72, 23),
(304, 16, 74, 37),
(360, 16, 75, 10),
(229, 19, 10, 24),
(239, 19, 10, 29),
(319, 19, 10, 32),
(341, 19, 10, 46),
(337, 19, 11, 36),
(223, 19, 11, 39),
(235, 19, 11, 45),
(314, 19, 11, 47),
(227, 19, 14, 24),
(236, 19, 14, 37),
(344, 19, 14, 40),
(340, 19, 14, 46),
(316, 19, 19, 37),
(243, 19, 21, 21),
(233, 19, 21, 28),
(343, 19, 21, 42),
(228, 19, 23, 24),
(237, 19, 27, 29),
(225, 19, 27, 37),
(317, 19, 36, 32),
(315, 19, 36, 37),
(234, 19, 36, 44),
(244, 19, 36, 46),
(238, 19, 43, 29),
(318, 19, 43, 32),
(323, 19, 66, 34),
(224, 19, 68, 37),
(226, 19, 69, 37),
(230, 19, 70, 24),
(240, 19, 70, 29),
(320, 19, 70, 32),
(342, 19, 70, 46),
(241, 19, 71, 20),
(231, 19, 71, 23),
(321, 19, 71, 25),
(242, 19, 72, 20),
(232, 19, 72, 23),
(322, 19, 72, 25),
(338, 19, 74, 37),
(339, 19, 74, 46),
(359, 19, 75, 10),
(249, 20, 10, 29),
(278, 20, 10, 30),
(298, 20, 10, 38),
(195, 20, 10, 40),
(275, 20, 11, 36),
(188, 20, 11, 39),
(245, 20, 11, 45),
(276, 20, 14, 30),
(190, 20, 14, 37),
(193, 20, 14, 40),
(200, 20, 14, 41),
(302, 20, 14, 49),
(282, 20, 21, 22),
(199, 20, 21, 27),
(253, 20, 21, 28),
(296, 20, 26, 38),
(194, 20, 26, 40),
(254, 20, 26, 46),
(247, 20, 27, 29),
(191, 20, 27, 37),
(248, 20, 28, 29),
(283, 20, 36, 34),
(246, 20, 36, 37),
(297, 20, 39, 38),
(277, 20, 47, 30),
(189, 20, 68, 37),
(192, 20, 69, 37),
(250, 20, 70, 29),
(279, 20, 70, 30),
(299, 20, 70, 38),
(196, 20, 70, 40),
(300, 20, 71, 18),
(280, 20, 71, 20),
(197, 20, 71, 23),
(251, 20, 71, 25),
(301, 20, 72, 18),
(281, 20, 72, 20),
(198, 20, 72, 23),
(252, 20, 72, 25),
(357, 20, 75, 10),
(182, 21, 10, 24),
(270, 21, 10, 35),
(217, 21, 10, 42),
(176, 21, 11, 36),
(267, 21, 11, 47),
(213, 21, 14, 37),
(187, 21, 14, 38),
(215, 21, 14, 42),
(222, 21, 14, 43),
(274, 21, 19, 46),
(186, 21, 21, 21),
(221, 21, 21, 22),
(181, 21, 23, 24),
(178, 21, 26, 37),
(214, 21, 27, 37),
(268, 21, 36, 35),
(180, 21, 43, 24),
(216, 21, 43, 42),
(269, 21, 47, 35),
(177, 21, 68, 37),
(179, 21, 69, 37),
(183, 21, 70, 24),
(271, 21, 70, 35),
(218, 21, 70, 42),
(272, 21, 71, 20),
(219, 21, 71, 23),
(184, 21, 71, 32),
(273, 21, 72, 20),
(220, 21, 72, 23),
(185, 21, 72, 32),
(356, 21, 75, 10),
(290, 22, 10, 30),
(284, 22, 11, 48),
(286, 22, 14, 37),
(295, 22, 14, 46),
(294, 22, 21, 22),
(287, 22, 26, 37),
(289, 22, 27, 30),
(285, 22, 68, 37),
(288, 22, 69, 37),
(291, 22, 70, 30),
(292, 22, 71, 18),
(293, 22, 72, 18),
(361, 22, 75, 10),
(207, 23, 10, 42),
(201, 23, 11, 36),
(212, 23, 14, 43),
(211, 23, 21, 28),
(205, 23, 27, 42),
(203, 23, 43, 37),
(206, 23, 47, 42),
(202, 23, 68, 37),
(204, 23, 69, 37),
(208, 23, 70, 42),
(209, 23, 71, 23),
(210, 23, 72, 23),
(358, 23, 75, 10);

-- --------------------------------------------------------

--
-- Table structure for table `term`
--

CREATE TABLE `term` (
  `term` int NOT NULL,
  `name` varchar(30) NOT NULL,
  `start_date` date NOT NULL,
  `end_date` date DEFAULT '9999-12-31',
  `year` int NOT NULL
) ENGINE=InnoDB DEFAULT CHARSET=utf8mb4 COLLATE=utf8mb4_0900_ai_ci COMMENT='{"cx":"182","cy":"236"}';

-- --------------------------------------------------------

--
-- Table structure for table `year`
--

CREATE TABLE `year` (
  `year` int NOT NULL,
  `name` varchar(30) DEFAULT NULL,
  `value` int NOT NULL
) ENGINE=InnoDB DEFAULT CHARSET=utf8mb4 COLLATE=utf8mb4_0900_ai_ci COMMENT='{"cx":1039,"cy":577}';

--
-- Dumping data for table `year`
--

INSERT INTO `year` (`year`, `name`, `value`) VALUES
(1, NULL, 2021),
(2, NULL, 1);

--
-- Indexes for dumped tables
--

--
-- Indexes for table `admin`
--
ALTER TABLE `admin`
  ADD PRIMARY KEY (`admin`),
  ADD UNIQUE KEY `id` (`school`,`principal`),
  ADD KEY `admin_principal` (`principal`);

--
-- Indexes for table `allocation`
--
ALTER TABLE `allocation`
  ADD PRIMARY KEY (`allocation`),
  ADD UNIQUE KEY `id` (`start_date`,`teacher`,`stage`),
  ADD KEY `allocation__stage` (`stage`),
  ADD KEY `allocation__teacher` (`teacher`);

--
-- Indexes for table `grade`
--
ALTER TABLE `grade`
  ADD PRIMARY KEY (`grade`),
  ADD UNIQUE KEY `id` (`name`,`school`),
  ADD KEY `grade__school` (`school`);

--
-- Indexes for table `guardian`
--
ALTER TABLE `guardian`
  ADD PRIMARY KEY (`guardian`),
  ADD UNIQUE KEY `id` (`parent`,`student`) USING BTREE,
  ADD KEY `student___guardian` (`student`);

--
-- Indexes for table `lesson`
--
ALTER TABLE `lesson`
  ADD PRIMARY KEY (`lesson`),
  ADD UNIQUE KEY `id` (`teacher`,`stage`,`start_time`),
  ADD KEY `lesson__stage` (`stage`);

--
-- Indexes for table `parent`
--
ALTER TABLE `parent`
  ADD PRIMARY KEY (`parent`),
  ADD UNIQUE KEY `id` (`email`),
  ADD KEY `user__parent` (`user`);

--
-- Indexes for table `principal`
--
ALTER TABLE `principal`
  ADD PRIMARY KEY (`principal`),
  ADD UNIQUE KEY `id` (`email`) USING BTREE,
  ADD KEY `principal__user` (`user`);

--
-- Indexes for table `progress`
--
ALTER TABLE `progress`
  ADD PRIMARY KEY (`progress`),
  ADD UNIQUE KEY `id` (`is_valid`,`student`,`stage`),
  ADD KEY `prev_stage` (`stage`),
  ADD KEY `progress_student` (`student`);

--
-- Indexes for table `school`
--
ALTER TABLE `school`
  ADD PRIMARY KEY (`school`),
  ADD UNIQUE KEY `id2` (`id`);

--
-- Indexes for table `score`
--
ALTER TABLE `score`
  ADD PRIMARY KEY (`score`),
  ADD UNIQUE KEY `id` (`allocation`,`term`,`student`,`date`),
  ADD KEY `score_student` (`student`),
  ADD KEY `score_term` (`term`);

--
-- Indexes for table `staff`
--
ALTER TABLE `staff`
  ADD PRIMARY KEY (`staff`),
  ADD UNIQUE KEY `id` (`email`),
  ADD KEY `user__staff` (`user`),
  ADD KEY `school__staff` (`school`);

--
-- Indexes for table `stage`
--
ALTER TABLE `stage`
  ADD PRIMARY KEY (`stage`),
  ADD UNIQUE KEY `id` (`start_date`,`year`,`stream`),
  ADD KEY `stage__year` (`year`),
  ADD KEY `stage__stream` (`stream`);

--
-- Indexes for table `stream`
--
ALTER TABLE `stream`
  ADD PRIMARY KEY (`stream`),
  ADD UNIQUE KEY `id` (`name`,`grade`),
  ADD KEY `grade__stream` (`grade`);

--
-- Indexes for table `student`
--
ALTER TABLE `student`
  ADD PRIMARY KEY (`student`),
  ADD UNIQUE KEY `id` (`admno`);

--
-- Indexes for table `subject`
--
ALTER TABLE `subject`
  ADD PRIMARY KEY (`subject`),
  ADD UNIQUE KEY `id` (`name`),
  ADD UNIQUE KEY `id3` (`id`);

--
-- Indexes for table `teacher`
--
ALTER TABLE `teacher`
  ADD PRIMARY KEY (`teacher`),
  ADD UNIQUE KEY `id` (`is_valid`,`subject`,`staff`),
  ADD KEY `staff__teacher` (`staff`),
  ADD KEY `teacher__subject` (`subject`);

--
-- Indexes for table `term`
--
ALTER TABLE `term`
  ADD PRIMARY KEY (`term`),
  ADD UNIQUE KEY `id` (`name`,`start_date`),
  ADD KEY `term__year` (`year`);

--
-- Indexes for table `year`
--
ALTER TABLE `year`
  ADD PRIMARY KEY (`year`),
  ADD UNIQUE KEY `id` (`value`);

--
-- AUTO_INCREMENT for dumped tables
--

--
-- AUTO_INCREMENT for table `admin`
--
ALTER TABLE `admin`
  MODIFY `admin` int NOT NULL AUTO_INCREMENT;

--
-- AUTO_INCREMENT for table `allocation`
--
ALTER TABLE `allocation`
  MODIFY `allocation` int NOT NULL AUTO_INCREMENT, AUTO_INCREMENT=514;

--
-- AUTO_INCREMENT for table `grade`
--
ALTER TABLE `grade`
  MODIFY `grade` int NOT NULL AUTO_INCREMENT, AUTO_INCREMENT=16;

--
-- AUTO_INCREMENT for table `guardian`
--
ALTER TABLE `guardian`
  MODIFY `guardian` int NOT NULL AUTO_INCREMENT;

--
-- AUTO_INCREMENT for table `lesson`
--
ALTER TABLE `lesson`
  MODIFY `lesson` int NOT NULL AUTO_INCREMENT;

--
-- AUTO_INCREMENT for table `parent`
--
ALTER TABLE `parent`
  MODIFY `parent` int NOT NULL AUTO_INCREMENT, AUTO_INCREMENT=2;

--
-- AUTO_INCREMENT for table `principal`
--
ALTER TABLE `principal`
  MODIFY `principal` int NOT NULL AUTO_INCREMENT, AUTO_INCREMENT=2;

--
-- AUTO_INCREMENT for table `progress`
--
ALTER TABLE `progress`
  MODIFY `progress` int NOT NULL AUTO_INCREMENT, AUTO_INCREMENT=70;

--
-- AUTO_INCREMENT for table `school`
--
ALTER TABLE `school`
  MODIFY `school` int NOT NULL AUTO_INCREMENT, AUTO_INCREMENT=2;

--
-- AUTO_INCREMENT for table `score`
--
ALTER TABLE `score`
  MODIFY `score` int NOT NULL AUTO_INCREMENT;

--
-- AUTO_INCREMENT for table `staff`
--
ALTER TABLE `staff`
  MODIFY `staff` int NOT NULL AUTO_INCREMENT, AUTO_INCREMENT=52;

--
-- AUTO_INCREMENT for table `stage`
--
ALTER TABLE `stage`
  MODIFY `stage` int NOT NULL AUTO_INCREMENT, AUTO_INCREMENT=18;

--
-- AUTO_INCREMENT for table `stream`
--
ALTER TABLE `stream`
  MODIFY `stream` int NOT NULL AUTO_INCREMENT, AUTO_INCREMENT=18;

--
-- AUTO_INCREMENT for table `student`
--
ALTER TABLE `student`
  MODIFY `student` int NOT NULL AUTO_INCREMENT, AUTO_INCREMENT=70;

--
-- AUTO_INCREMENT for table `subject`
--
ALTER TABLE `subject`
  MODIFY `subject` int NOT NULL AUTO_INCREMENT, AUTO_INCREMENT=76;

--
-- AUTO_INCREMENT for table `teacher`
--
ALTER TABLE `teacher`
  MODIFY `teacher` int NOT NULL AUTO_INCREMENT, AUTO_INCREMENT=363;

--
-- AUTO_INCREMENT for table `term`
--
ALTER TABLE `term`
  MODIFY `term` int NOT NULL AUTO_INCREMENT;

--
-- AUTO_INCREMENT for table `year`
--
ALTER TABLE `year`
  MODIFY `year` int NOT NULL AUTO_INCREMENT, AUTO_INCREMENT=3;

--
-- Constraints for dumped tables
--

--
-- Constraints for table `admin`
--
ALTER TABLE `admin`
  ADD CONSTRAINT `admin_principal` FOREIGN KEY (`principal`) REFERENCES `principal` (`principal`),
  ADD CONSTRAINT `admin_school` FOREIGN KEY (`school`) REFERENCES `school` (`school`);

--
-- Constraints for table `allocation`
--
ALTER TABLE `allocation`
  ADD CONSTRAINT `allocation__stage` FOREIGN KEY (`stage`) REFERENCES `stage` (`stage`),
  ADD CONSTRAINT `allocation__teacher` FOREIGN KEY (`teacher`) REFERENCES `teacher` (`teacher`);

--
-- Constraints for table `grade`
--
ALTER TABLE `grade`
  ADD CONSTRAINT `grade__school` FOREIGN KEY (`school`) REFERENCES `school` (`school`);

--
-- Constraints for table `guardian`
--
ALTER TABLE `guardian`
  ADD CONSTRAINT `guardian__parent` FOREIGN KEY (`parent`) REFERENCES `parent` (`parent`),
  ADD CONSTRAINT `student___guardian` FOREIGN KEY (`student`) REFERENCES `student` (`student`);

--
-- Constraints for table `lesson`
--
ALTER TABLE `lesson`
  ADD CONSTRAINT `lesson__stage` FOREIGN KEY (`stage`) REFERENCES `stage` (`stage`),
  ADD CONSTRAINT `lesson__teacher` FOREIGN KEY (`teacher`) REFERENCES `teacher` (`teacher`);

--
-- Constraints for table `parent`
--
ALTER TABLE `parent`
  ADD CONSTRAINT `user__parent` FOREIGN KEY (`user`) REFERENCES `mutall_users`.`user` (`user`);

--
-- Constraints for table `principal`
--
ALTER TABLE `principal`
  ADD CONSTRAINT `principal__user` FOREIGN KEY (`user`) REFERENCES `mutall_users`.`user` (`user`);

--
-- Constraints for table `progress`
--
ALTER TABLE `progress`
  ADD CONSTRAINT `prev_stage` FOREIGN KEY (`stage`) REFERENCES `stage` (`stage`),
  ADD CONSTRAINT `progress_student` FOREIGN KEY (`student`) REFERENCES `student` (`student`);

--
-- Constraints for table `score`
--
ALTER TABLE `score`
  ADD CONSTRAINT `score_allocation` FOREIGN KEY (`allocation`) REFERENCES `allocation` (`allocation`),
  ADD CONSTRAINT `score_student` FOREIGN KEY (`student`) REFERENCES `student` (`student`),
  ADD CONSTRAINT `score_term` FOREIGN KEY (`term`) REFERENCES `term` (`term`);

--
-- Constraints for table `staff`
--
ALTER TABLE `staff`
  ADD CONSTRAINT `school__staff` FOREIGN KEY (`school`) REFERENCES `school` (`school`),
  ADD CONSTRAINT `user__staff` FOREIGN KEY (`user`) REFERENCES `mutall_users`.`user` (`user`);

--
-- Constraints for table `stage`
--
ALTER TABLE `stage`
  ADD CONSTRAINT `stage__stream` FOREIGN KEY (`stream`) REFERENCES `stream` (`stream`),
  ADD CONSTRAINT `stage__year` FOREIGN KEY (`year`) REFERENCES `year` (`year`);

--
-- Constraints for table `stream`
--
ALTER TABLE `stream`
  ADD CONSTRAINT `grade__stream` FOREIGN KEY (`grade`) REFERENCES `grade` (`grade`);

--
-- Constraints for table `teacher`
--
ALTER TABLE `teacher`
  ADD CONSTRAINT `staff__teacher` FOREIGN KEY (`staff`) REFERENCES `staff` (`staff`),
  ADD CONSTRAINT `teacher__subject` FOREIGN KEY (`subject`) REFERENCES `subject` (`subject`);

--
-- Constraints for table `term`
--
ALTER TABLE `term`
  ADD CONSTRAINT `term__year` FOREIGN KEY (`year`) REFERENCES `year` (`year`);
COMMIT;

/*!40101 SET CHARACTER_SET_CLIENT=@OLD_CHARACTER_SET_CLIENT */;
/*!40101 SET CHARACTER_SET_RESULTS=@OLD_CHARACTER_SET_RESULTS */;
/*!40101 SET COLLATION_CONNECTION=@OLD_COLLATION_CONNECTION */;
